MDR1_C1236T,cholesterol,LP(CH3),leucine,isoleucine 2,valine 2,Propylene glycol,LP (CH2),lactate 1,alanine,LP (CH2CCO),acetate,glycoprotein (acetyls),glutamic acid,pyruvic acid,glutamine,citric acid 1,asparagine,ornithine,methanol,ethanol 3,creatine,creatinine 2,proline,LP (CHOCOR),glucose 3,LP (CH of unsaturated lipids),formate
CC,6.13726072014893,1.71496215323886,0.215654732695346,0.219695646833203,0.614078414550972,0.0314441492851062,2.54895360678761,8.018836485059,0.638101325408609,0.10790123684192,0.0253918900170263,0.72591971481868,0.153013167504905,0.24161824714952,0.566490018394397,0.0638049003801549,1.11653325150402,0.132996906739293,0.148058626107932,0.570010758345516,0.0176041218401208,0.123731018757503,0.552564075565098,0.0273731139934624,6.81612816963499,1.51542182628578,0.0551704605143426
CC,4.75392811511505,1.36313768327363,0.156562879811652,0.232739665675363,0.49744436742397,0.0233470191219241,3.25767867152736,2.82008030829579,0.419872073367735,0.254188255898628,0.0177193801934287,0.605767188649323,0.0628199751011373,0.0620709357680966,0.40870106677558,0.0644946483153323,0.952945953710225,0.112550525286608,0.0368126655109432,5.49783937144809,0.0876504251778495,0.131462906405623,0.417360754276649,0.10203233476426,7.56678818554571,1.57416519183273,0.0447292391555492
CC,3.92003695044806,0.885054840979338,0.151128261891464,0.179297672409716,0.437328029066276,0.0198027749874149,1.78714686741284,1.80825325147559,0.357628077980506,0.132224541983276,0.0101311528482957,0.557438188271511,0.0758850173598349,0.0660371052646779,0.610173132007439,0.067370847261292,0.861065920825954,0.0734029090140105,0.0829786825518442,0.208990683031882,0.057879170451231,0.151186876356658,0.501277834733029,0.0488073567937721,7.29928972299073,0.991311722407107,0.0545411733816687
CC,4.66642392762009,1.01249673891014,0.130514889622578,0.142020141310712,0.457236367848511,0.0240871418438396,0.925559733171952,2.07531103002435,0.390345480747279,0.0154773424196599,0.0147071606508504,0.690224190748808,0.0877943132650778,0.0731146215258505,0.479657134905792,0.083497527449075,1.02859821363656,0.119047791555972,0.0531464239262072,0.223891655247531,0.0915486160962407,0.0942356690965464,0.494544469462215,0.0186582444354284,8.85000561746223,0.902848352907435,0.0443049420135934
CC,3.8146990188349,0.798832641211296,0.176041618459728,0.130110698243124,0.509220439712632,0.0307453783658413,0.801060651678731,2.82476460633141,0.487812342247095,0.0205022009632423,0.0133492771617418,0.542381735115226,0.0814182038140712,0.075228999470457,0.577417594066156,0.0793443160294499,0.968411119639682,0.109046257851019,0.0763998123686939,0.158866313043969,0.0160190415766554,0.135514728489676,0.542631053339219,0.0248497602012233,8.36832811497556,0.734850247704255,0.054461364633731
cc,3.65367975625808,0.703406442791656,0.175071243184338,0.155634564406259,0.549845182806062,0.0225540262964301,1.33435560873657,1.80857916822668,0.295788211894895,0.0714554226657017,0.0250945953311585,0.51227604967638,0.0847179715136694,0.0355330674135462,0.383082364433949,0.0683518777196101,1.00543300525637,0.0518394619952878,0.0701285776910985,0.238737432976493,0.0229316711754205,0.142784518925353,0.477138984037811,0.035423014194694,7.68904760425739,0.775807805196124,0.0565729233132489
CC,4.20394811346058,0.8772256180402,0.162456643209691,0.126597125287563,0.478895847591273,0.0317516475436873,0.872879612451601,5.34936566180618,0.316685270578517,0.0314397159965382,0.0129146888572315,0.704584321204744,0.11100227723585,0.107914468183061,0.623750353470538,0.0905010378268982,0.945172283931467,0.0754417346958409,0.07373435504498,0.209352190745659,0.0970932329880169,0.0927703265201096,0.338122539398775,0.0126681318517762,4.30602159623797,0.768460272425195,0.0446419255178453
CC,5.61122215758403,1.84000345727124,0.219859317980667,0.216914578106455,0.67349576328368,0.0372435144115903,5.10782122418896,5.45876176320094,0.718908004525036,0.458530030822163,0.019899580866033,0.802472911415548,0.0758089473941666,0.223722357946774,0.533905898434078,0.0860514755972804,0.949866498580115,0.117716126289181,0.03697007623982,0.244562402383756,0.0251249737472254,0.161655158514753,0.631413299717945,0.148766589926774,8.13237082749925,2.14471700967938,0.11722254885641
CC,4.44295680658416,1.48773709859359,0.222100542880038,0.152350614349018,0.596981004537693,0.0294856287481207,2.63374429190257,2.83027414691481,0.482210019039336,0.141085071829771,0.0324132326220995,0.789855407729942,0.0640025217561764,0.195847641585056,0.485261917626869,0.096346538897749,0.951823690712603,0.108275839820542,0.0534900587025601,0.241481427770729,0.0878112134319882,0.166674652992813,0.506653802247298,0.0620819133291365,6.94920504971341,1.42228574694052,0.116378068194233
CC,3.95938611124889,1.40241281512214,0.228664878728539,0.145317686414385,0.621950220147017,0.02464384854134,2.34268350604521,2.80547018763598,0.476091632368125,0.126286987115621,0.0377793103107243,0.673387406451192,0.18448031394521,0.147663624154116,0.308301795903719,0.0956892472309004,1.08502081457643,0.0810256534564263,0.0361034072752608,0.361667384499274,0.0548699792509887,0.164343248385239,0.455512435331249,0.0624330077469454,8.16897313237977,1.45376704707536,0.13837242756353
CC,5.17648877975103,1.72474519787245,0.195273380802025,0.14346298320375,0.548580876260846,0.0149721587127627,3.1359947824686,3.38709360636029,0.539626923090717,0.182152089688034,0.0453408312930275,0.732910457132729,0.0817507362658977,0.19180257112664,0.543553791821227,0.0806095570247276,1.07336288353828,0.180390350233379,0.0602237600988777,0.27427476976233,0.0219171668962239,0.199445345244973,0.694619799056251,0.0742599902497585,7.81459864961759,1.64775899965744,0.242746814804189
CC,5.58977538583681,1.540409588615,0.203564598069634,0.184957894433405,0.577854896599272,0.0211470170205913,1.54723538627718,2.95850662607086,0.446072955541945,0.040970756800285,0.0311107302071402,0.733672418723413,0.0948579313443127,0.111492972555207,0.482114867147201,0.072889595318404,0.970856486715749,0.0963339185693136,0.0649879295484694,0.409438356450594,0.087401629132805,0.155412315202237,0.558519543737751,0.0282461649409655,8.09429634886408,1.37554574921713,0.174141733084724
CC,3.26728217296196,1.31833008449104,0.190760830788823,0.147969287872978,0.542245156414224,0.0238361210026657,2.9009774914059,2.8448469690196,0.571369920554702,0.2108401359503,0.0455390718254214,0.735545545647288,0.107683677144371,0.132112497612983,0.495754628823562,0.0654298428781993,1.00062087315539,0.131393000064472,0.0736394211367172,0.231456637138786,0.062782013934896,0.144194683542908,0.752705404041667,0.083200143407403,8.66679922225593,1.35925614364342,0.17596342402117
CC,3.70627094326797,1.31149018023577,0.166299573787166,0.16712863828714,0.492101279893043,0.0231442662307455,2.29058397230539,3.63505961230596,0.462283052265597,0.130186808140652,0.0528321688704433,0.690680752523165,0.10819474018954,0.216032725201773,0.438808570989803,0.0944211323319378,0.891033701697952,0.141966359934916,0.0413657431327824,0.769157032013904,0.0489717822955979,0.108575827177587,0.722362452777897,0.0486934742240494,8.95827958846454,1.19867904811198,0.258152021144705
CC,3.38778572019233,1.45379666514458,0.285623479145166,0.339355421165807,0.731457821958134,0.0190381930431864,7.92857581211826,2.41376076353993,0.613179584819838,0.84296544975449,0.0564094054843644,0.65804973143102,0.0875865710902224,0.146777167804187,0.530558462935374,0.0967205730408744,0.957405759273713,0.147228729503432,0.14249410513449,0.370764261579275,0.0216875481646807,0.134054882215499,0.667431076775892,0.330425697754547,3.76954477029373,2.15411477610611,0.205986708679403
CC,2.75451773451686,1.03470757224335,0.192668310655283,0.15081452102798,0.567149466283181,0.0264571423577602,1.62619020393436,3.09522216592147,0.444972191145153,0.0717173651767174,0.0588072050428012,0.673997777172922,0.0736762839641537,0.162736242451281,0.512038819504893,0.117134605989014,1.00384844468552,0.116297507840097,0.0210675785421472,0.229240758946097,0.0677354090097394,0.120483192067302,0.534536097986354,0.0401860596864978,8.06291990404895,0.899947130477674,0.237963977391182
CC,5.66200034060566,1.87541018479741,0.243672327013547,0.145468963082185,0.627186807994438,0.0261349114676444,3.30346409143439,3.27775079100228,0.52066876702679,0.215557285068142,0.0480874811780443,0.660521545738366,0.0838354586870654,0.186387070192477,0.639844997748459,0.108378323268593,1.28682094421803,0.152992672310144,0.0627678854124392,0.145597014900924,0.0316132503224334,0.168586159175492,0.686073901361205,0.0755180096723111,8.89428602636738,1.83518575679856,0.240263706422763
CC,5.45456702934466,1.71428109338727,0.207464237602047,0.136706622869453,0.546089094512085,0.0159101031138814,3.59398265538116,3.13095800253561,0.508254563099859,0.207335878382984,0.0400617691924841,0.607728619227953,0.0856737424813956,0.177021313191379,0.526277122026263,0.107886454821955,1.08875554093288,0.118544709241179,0.0665971514747798,0.330959756871971,0.046405405320513,0.116769068810072,0.567167145263497,0.0620652160073049,7.3688288772381,1.50184007333436,0.230642792712341
CC,3.49575472369859,1.21011227876037,0.253977115732277,0.174642822659598,0.67986958199986,0.0246638017225622,2.59072418145946,3.29481291013231,0.56635897489165,0.197627811920216,0.0826694610440408,0.682882670966934,0.078304285659107,0.292638653522187,0.526682273525721,0.0764054694033154,1.10284604396484,0.14621033405282,0.201298606470724,0.199650532367661,0.0979094069495188,0.177231812573274,0.586771831964645,0.0921964220978879,8.12905209801288,1.26845767387059,0.23821177693951
CC,4.73669843223631,2.07167445177514,0.287544709901395,0.381575669011846,0.796558128186863,0.016262345898749,9.42613597642624,3.9458762030928,0.713014970044926,0.969756753069681,0.0341599152761418,0.736474383021407,0.10277442998989,0.219805250911437,0.602953549853535,0.11337909584029,1.20022356251621,0.154090920405487,0.053035511965047,0.213154703808198,0.153702199591297,0.234758118728537,0.851716286914821,0.355897936543862,10.2896826624594,2.97284796800932,0.226537005947304
CC,3.05436964522402,1.1281806744569,0.205194801749893,0.15432571593975,0.570786837979831,0.033981454401476,2.02983102095989,2.80127650752478,0.439899368042543,0.136159763596088,0.067944226478039,0.702937764005224,0.0895680229125221,0.210036342942669,0.472720550051929,0.0771600846718386,0.954905854875354,0.185013968700376,0.0700245251555837,0.139495401626189,0.0484271979690636,0.112723947103467,0.74460632260428,0.0683244017285016,8.2105361716593,1.17017545576549,0.272266526443704
CC,5.28983720706676,1.68888340141029,0.224572592932604,0.180568209230597,0.648535769018965,0.0253851540883736,2.37702786663363,7.1923868612931,0.727615468902682,0.108918076786837,0.0492671166298294,0.660039435751251,0.0698508777879826,0.225154595196624,0.549483613649408,0.071434201009424,1.02743058883074,0.0731411332066076,0.0587132718790029,0.137708617304146,0.14344094510386,0.143297591466342,0.774375647742841,0.0522180465255898,8.60847301219729,1.74165465164196,0.182072502105765
CC,5.51448576288248,1.86123948808386,0.153908225417565,0.112764664385065,0.491519125215038,0.0288202598039188,2.96544885929016,3.73521258897394,0.52245887048009,0.141478982550901,0.00982404574303732,0.724401348785122,0.0932389076799454,0.0637140306910746,0.54038887738279,0.081614620635156,1.34423952251409,0.105879106255472,0.0494284040693251,1.59074347511056,0.0583531536187147,0.137551601429492,0.674334630562042,0.0526903193961432,7.22827882903442,1.7065890287637,0.0281908429726609
CC,5.84909958438872,1.94830640572662,0.166194170871842,0.155561243944247,0.501554196374806,0.0294362830025879,2.8514253062589,2.3636815351838,0.412513527199321,0.134012718939557,0.079553327795174,0.814657381681232,0.0913940477050678,0.11096467666318,0.539903228878372,0.0931918611028559,1.03084901781631,0.116400797589953,0.0828389621843289,0.319751343644844,0.121500944130606,0.14436845003634,0.536206749114926,0.0520041667132852,8.70756534219001,1.73514826907162,0.211162510839318
CC,5.27618846336039,1.81719100447226,0.2293356721502,0.173221968283345,0.56188474247238,0.0240453556007317,3.0864453737556,2.67295349738895,0.571299140901985,0.179402441270293,0.0558817932562791,0.721313069630531,0.11340775880227,0.141068817826639,0.479590415257918,0.097576468097049,1.08026647621018,0.105750860620623,0.0947914074559753,0.585177287610313,0.0295363215985513,0.202874741823984,0.753253235094839,0.0634188715928203,8.87476162295739,1.61032723046439,0.230450656074009
CC,4.85061457633528,1.51233462923647,0.241603123788175,0.234179436001611,0.677749325597269,0.0195225584043104,3.43707243551966,3.77456588088168,0.729547277165783,0.246255647868908,0.041676981037739,0.738263319357216,0.14780316683434,0.177336608772512,0.58236226506139,0.0783019200149221,1.13388100942975,0.121459331250895,0.110350005613558,0.307612118843801,0.0633765838875221,0.171425104156971,0.974313625234863,0.0876034056609926,10.7154832125336,1.62589090541643,0.19976269611023
CT,4.80175961023608,1.03378514017371,0.215034453310258,0.198811989694678,0.564555718705647,0.0271046822072595,0.774837818799696,2.18555079476529,0.419148485045831,0.0472149340877305,0.027617328239018,0.492972733014312,0.0669683047621534,0.074566725191277,0.472475046078952,0.0842148916260055,0.892543856285738,0.065277399430987,0.0675812178231527,0.334722341278348,0.061850753817245,0.115012429011941,0.52408243555078,0.0170386953813001,7.80911956989328,0.857424435840414,0.0135253662969738
CT,4.08893407839132,1.02693443102819,0.146331465895173,0.130753526753491,0.463537431346181,0.0267010648047025,1.06097471844337,1.67299642571935,0.562517937039012,0.0358616679588335,0.0276431317950384,0.55097644619895,0.0597040805133057,0.0676408389018107,0.622130972013256,0.0995696504591151,0.907937517936333,0.0817355879592902,0.055172029504434,0.304015097304317,0.0302187254746267,0.0943771539125502,0.447120820939516,0.0307845242045616,7.45648869797667,0.993831503984804,0.011115285652884
CT,3.05155225566674,0.796483210297312,0.167886821494845,0.147476424553364,0.43212981287042,0.021711880546136,2.32022768945274,1.73414678383401,0.561744647580587,0.161860723079558,0.0285252653230462,0.575292968473908,0.0930817348304907,0.0893663117486775,0.455720092335267,0.0898261926578771,0.848468129886357,0.0879130834653528,0.0880895167692779,0.230248636452061,0.0485705412422682,0.111381249835,0.654823448029752,0.0624499616711418,8.00946967340608,0.869377998387501,0.00985344903652269
CT,5.13806348954905,1.31909393791595,0.171346138341307,0.203959769166878,0.594676800384774,0.0219644663168869,1.83526256895144,6.124503014884,0.462213140354493,0.0888575138544847,0.015612638240456,0.687413008107421,0.135838459654221,0.150849906467758,0.387829833497513,0.0752953093928192,0.871365243338468,0.143425231092452,0.0968602785261122,0.434529071310979,0.0387731387490842,0.102759731027334,0.55878058799025,0.0317939611088871,5.41416795082735,1.29263965452734,0.0547627003191081
CT,3.7269934055067,0.890288085845711,0.28123611286239,0.235923251525303,0.682090867729067,0.0343661850516724,1.22530949239609,7.34328984563928,0.73820901420605,0.0613778755230793,0.0229542125819928,0.655991862947007,0.182172345707267,0.181892311841864,0.614761872633198,0.0985843414059761,1.13095741887832,0.166172551135167,0.0883108986567719,0.98729412136747,0.0147883567865165,0.156798711816385,0.804978089637297,0.0205394556042005,6.15425804819975,0.806660654310473,0.0546519322760421
CT,4.095214277425,1.01063796204681,0.211785614126307,0.196718030631772,0.531522136049047,0.0294347217541947,3.32594238632474,5.23496718820851,0.621215821803737,0.273264176376774,0.0159371965334605,0.549325830259073,0.104414144013566,0.163101523101541,0.457280811880933,0.0619855475128355,0.900616740859964,0.167206365812481,0.0622054257918798,0.30036775728911,0.0189224035872914,0.11643409619312,0.585869500157084,0.0960910987099734,4.84180450072174,1.26550734385528,0.040631621643589
CT,3.57181049915709,0.853833998739397,0.242020390505883,0.207189462830775,0.653687744429335,0.0354181054549287,3.30481189978767,5.93596571839126,0.445939654207214,0.29050026803048,0.0207155953519937,0.657248019562155,0.158664701491518,0.159049857906772,0.473270671288532,0.0729315814455519,0.881367327582297,0.1448992083562,0.0723828071308605,0.650894104666025,0.0259912158016619,0.145282981238735,0.936448860463916,0.0897266236081185,5.20806662567344,1.21308397595718,0.054248887207719
CT,3.64540104414288,0.893577729188076,0.16735464942086,0.12494631336211,0.42426340551853,0.0210784482840532,0.928783793630724,2.86822985719653,0.294394619979793,0.0328048730772307,0.0210431859619756,0.65200705077731,0.0534037604174408,0.0640638181641507,0.417095653885807,0.0793429331728634,0.866041279318277,0.0789420447807929,0.0422343496799433,0.139939006712241,0.0295439465031014,0.0988359353270183,0.424439106652608,0.0224145611276727,6.87736741040357,0.81781820105097,0.0526040480422778
CT,4.02158629611532,1.06555542595227,0.164545812892353,0.152270412127567,0.454522422383067,0.0233768564627706,1.19153843104636,2.56385337536096,0.377789157028164,0.0210029754432442,0.0196037293413472,0.57336162111324,0.0473673984472874,0.0667120956008171,0.466026936099242,0.064128006607865,1.01547535457024,0.0816247610812705,0.0430513507540343,0.159795038057543,0.0652005396495648,0.119394609875906,0.45106855323624,0.0221910754077825,7.30187221730921,0.916655234262761,0.0689518141223537
CT,2.79364261304439,0.773281711334273,0.244680561558221,0.247281355312473,0.627651402905196,0.0230458992083193,0.675109795674102,3.15411225025453,0.518378417082416,0.0167453055325795,0.0269553962330095,0.469690473606757,0.0814197642141646,0.0708225938077734,0.571994184783892,0.0572249782395619,1.03451252050336,0.16508556795484,0.0572382236352923,0.126387762039085,0.0161184974390615,0.129082101385832,0.718218201236669,0.0174897637152631,6.73537144840486,0.649967976517975,0.0480351477603016
CT,3.03821441426255,0.8360126891959,0.223392395055984,0.19450080006035,0.574618981285133,0.0303347559967344,1.08442010656186,2.27787653857966,0.348793652754509,0.0288506375045956,0.0449476961972903,0.428508460973351,0.082365402097434,0.0584976106109251,0.49210351782451,0.0749848522921124,0.961468657319151,0.150444659346504,0.0488776571576485,0.268697504964874,0.0163645445886409,0.128960591279884,0.544017490133028,0.026596207714439,7.08792123409017,0.660043762631174,0.0569138516023601
CT,3.20205553658694,0.690450801459877,0.17429440352187,0.145010998677193,0.499078603864587,0.026235678359168,0.507228759737335,2.58549271970091,0.443191895967678,0.0279715714129737,0.0227379679124857,0.464516268546454,0.0778117467462845,0.0733592810757952,0.51087927368765,0.0963661409020816,0.909141673445036,0.137325911771358,0.0591120794880202,0.279077835313455,0.0158790837249901,0.123098773339858,0.539477373281848,0.0163606384271517,6.58787281373447,0.593983411436502,0.0540310097720016
CT,2.71963692096304,0.622085405059748,0.199705922433992,0.123144908240657,0.524056121072756,0.0252086716614658,0.777037843091981,3.67934295589707,0.308533241195136,0.0229591971011454,0.0190104354398925,0.531222529526615,0.0934556993652845,0.0627247906242995,0.510532543128488,0.0407839336422961,0.903038067520531,0.104834450806718,0.0627178013988665,0.227370762319212,0.0274483968155952,0.144267091420248,0.617140212051787,0.0226329161773997,6.80052115198502,0.568921063249214,0.0509255773615745
CT,4.02334109324164,0.836441693225674,0.181621000176696,0.205125122633249,0.562986590800586,0.0199850102016491,2.6841524991723,2.81644663809752,0.478674636730961,0.270795375909189,0.0176324203315349,0.733839407637547,0.0958719843746438,0.0505654037541694,0.385105226509502,0.057395806361796,0.912471798517866,0.0672063132355022,0.0621058797457569,0.178982918009402,0.026154535656772,0.154429352064429,0.5030372724725,0.0996827886797745,6.94230988686172,1.32733860014748,0.0514866486697537
ct,3.77820969434419,0.893531338939281,0.216667470493153,0.233607748363786,0.608388541592364,0.0333819815321354,1.32158057127525,3.23644106493654,0.482199359653422,0.065091668384961,0.0359631198183812,0.592282796795819,0.13218490419087,0.0719583600513762,0.428052824461207,0.0622257147095588,1.01030137610919,0.129320375459157,0.0992813758809168,0.182852729005578,0.0672112153148101,0.177738777672404,0.959190372605089,0.0372853003405731,7.60921528982589,0.81526101390993,0.0566952899108879
CT,3.29395222975575,0.636214570447621,0.17640955026698,0.13168369821317,0.746510308725817,0.021247487182659,1.86073428070692,3.32768538475872,0.465651896517584,0.107715500877352,0.0244484073981501,0.661882482563104,0.0731225971156355,0.0360890529415149,0.324176186047767,0.0867747740744163,0.96556435158231,0.0240515819179084,0.0572118291687272,0.140164608039468,0.0166165916679178,0.160174387928513,0.522560561759641,0.0480123202241989,8.04476192415194,0.840553422458998,0.0555707375408448
CT,2.99327938328884,0.711785737403944,0.162446909356174,0.131843394997967,0.502038270027127,0.0273451757357438,0.75891247608475,1.27760677182849,0.22266330437792,0.0184700065178341,0.0366885206248137,0.613077031869177,0.0629735699360136,0.0312292384806368,0.336339470196856,0.0639290308279361,0.703901379341064,0.0817764407089728,0.0353794192167798,0.175859195770689,0.0439101819696632,0.102105374530101,0.310753295600366,0.0199762423783586,6.1387467228737,0.647775345144861,0.0596315764254866
CT,4.3477907567419,1.00578610387765,0.203582649955002,0.17249372246054,0.587514458269941,0.0309511392392453,1.5369287185552,3.13179315160965,0.422884990049764,0.0728700033114431,0.0101278041064944,0.584305879624766,0.0933349446183219,0.0427592525138393,0.446185201096481,0.062073329518089,0.962519292456532,0.101212448341005,0.0541978144992118,1.20578253113119,0.0261213329200398,0.140678606174856,0.502277688026142,0.0396824403316774,5.96414723832566,0.968454407271063,0.0542070209682444
CT,3.33635898553954,0.947422027382801,0.126898356502205,0.114432767362242,0.358850358216334,0.0142514008303975,0.63584829258343,4.46016482380661,0.273168486736457,0.0408862364040153,0.00948395642409437,0.552528404496847,0.0568056203077337,0.115796116879133,0.434010655549819,0.0933802454854234,1.06019135404476,0.111916016248431,0.0367394012418147,0.162795963579618,0.0272299656844288,0.0988113144196445,0.334891683693163,0.0231756259805099,4.8898848135026,0.701731106227751,0.0466081551119861
CT,6.33765452408461,1.36989524222104,0.181020364724339,0.149492874943564,0.529506384144805,0.0242976369668519,1.19605118066854,5.18370688548573,0.243572387747584,0.0284414262624999,0.0111112883240517,0.63843026114179,0.0904014243402138,0.10984455466213,0.523145049487628,0.116098151273365,1.11473801069903,0.0595384813439833,0.0569901787100261,0.268381700127005,0.073016241334092,0.110516639921671,0.214657258351169,0.0170007059470989,4.25131891651137,1.26836963381043,0.0678047713594349
CT,4.48769100007173,1.39477838560786,0.243935256775606,0.220801079988939,0.636209410825486,0.0247525177849868,1.91108111005213,2.44228491161682,0.445584114005473,0.0692319311337258,0.0372818983176133,0.764609958283638,0.0724445765495996,0.116613834781446,0.52177756299046,0.0937126464610076,1.0431717169384,0.211060199483769,0.0613126684942034,0.223453033161909,0.048682528448395,0.234480733751869,0.665138503158639,0.0265084216214355,9.91164335423956,1.19722103217209,0.131188616502883
CT,5.29340775392693,1.71877454010343,0.222318987861017,0.194303294505652,0.623987895081425,0.0197913176623036,4.89015589284301,3.69103435617192,0.552549983928853,0.42216717234647,0.0322895247065301,0.668249095798615,0.103972745977125,0.226681239735783,0.514358291559493,0.0596787583887929,1.05078987578812,0.194480677832339,0.0766583724731017,0.172151317260609,0.0295440858255781,0.197790515228442,0.563278059529335,0.137253530537668,7.60645189409425,1.93285695244891,0.213921497667005
CT,4.00290001737692,1.36447049624914,0.187277900686266,0.153658793611018,0.524077459400235,0.0294668983312652,2.96471599998664,4.52117338320082,0.547741768497669,0.148552394424569,0.0234111283075302,0.721593700407313,0.0825638251302585,0.223433521926614,0.447084788157547,0.0771270036510412,0.986602973473109,0.124728734015166,0.0875883340486018,0.21152548788165,0.0852716260946072,0.101167689158814,0.514605786783248,0.0607556981318035,7.60608373967729,1.35300727160536,0.119352125908632
CT,3.96510144652809,1.35141568839463,0.207677959394904,0.246748281864222,0.608658251859635,0.019403354478252,2.80851313952451,4.19486984872999,0.73900568447857,0.157474651375593,0.0397119119744177,0.746045579813109,0.104737104041411,0.23271993850581,0.46896044087054,0.0919627565059458,0.984543858255655,0.124196772427118,0.076393066862608,0.188973550302946,0.0372420827442881,0.172293645995014,0.823524287044575,0.0621408463061966,9.15613305485448,1.35009598679023,0.169510750287688
CT,5.021011420247,1.49579642576517,0.252280821638069,0.241869121982201,0.774463271106827,0.032905309559829,2.11046482399235,3.52657406852885,0.60093628476158,0.0700563520655873,0.0247107820213796,0.845762639670512,0.10618756012958,0.135876609330236,0.498530760154874,0.113308062983277,1.03282162751098,0.103956727968415,0.0493902019891683,0.28191403232493,0.0329747559633259,0.180986247439703,0.682663268473823,0.035214257799724,8.92934232279022,1.50152990117441,0.125293931806688
CT,4.09518059485641,1.42161412234543,0.186732035265991,0.116512136088916,0.511941922035906,0.0203776244999932,2.04353707412985,3.85537496584843,0.530097321920793,0.0839735978198656,0.0409460974044644,0.788551906400807,0.0878036965512302,0.222723062544387,0.608176216700745,0.0885376377207426,1.06480728695385,0.142719441048353,0.0650320974246448,0.384186316278221,0.0745532630187128,0.12811153662266,0.587689809136937,0.0494454728011619,9.60251135706171,1.25787256411166,0.132037802069
CT,4.80329252363975,1.6177280293886,0.169338563066057,0.174052629358647,0.485930050029997,0.0214328347196553,3.64005279847905,3.35266565894247,0.498057226594836,0.284526043596302,0.0283966124255465,0.759404025599106,0.0731940928680781,0.18908647049835,0.557471976609771,0.0974316557852039,0.946765909835501,0.137453774179398,0.0239901702280715,0.218353945699248,0.100317077892113,0.166733846963728,0.509399714879201,0.106381916981422,7.7394094959095,1.6946985695625,0.129378128246273
CT,5.90602701753611,1.98293204276355,0.250702674570024,0.247661645198486,0.660242581619224,0.0214165965169546,6.20118138455867,4.80014094113537,0.565167192340175,0.517295974799221,0.0359100690899575,0.738757499109236,0.101141239960161,0.168212835419082,0.555645280773155,0.114415168466937,0.927661631282243,0.101286626293408,0.0414697619522038,0.264532064013222,0.0491036507261813,0.21928107989692,0.700197378020639,0.182831913571699,11.1267768915522,2.40304587544226,0.150774515812104
CT,2.85046733398845,1.16931824404126,0.218334168957532,0.205696046421158,0.543755485949829,0.0237354559394071,2.0959796377171,4.71724906245599,0.411142752350862,0.112934632707312,0.035430908418363,0.747765155431348,0.097047396187302,0.197940139668427,0.437982934104877,0.0885955372343935,0.918320194618423,0.171087846966904,0.0696890613007006,0.223445401251397,0.0199066825573442,0.141250234658879,0.857344612826617,0.0502130326817385,6.51508302814833,1.04371450503873,0.0983259706889049
CT,5.04350760940499,1.56661927942824,0.211920311837756,0.139492178699262,0.642439434629725,0.0169463437507018,2.76484628841575,3.84609858144215,0.459894598435919,0.159681737026893,0.036707858946806,0.866935211667256,0.158779575842977,0.138361303768808,0.424578073246722,0.0511750338821053,0.940070059133074,0.133340093045521,0.0620646607443466,0.168442360624743,0.0591574866074843,0.131042683225692,0.480063454296583,0.0635425363772786,9.22058209409805,1.55751458357086,0.131843064288868
CT,3.88545511619124,1.46017890489041,0.236215447649025,0.212909101848996,0.625849520853033,0.0289761754293264,3.55978786681187,3.3009350208403,0.735465133362833,0.274569249276082,0.0285149917800274,0.699042678577024,0.136167292723549,0.159219435878472,0.474067844330945,0.115174670979732,1.05693493183062,0.142561332386473,0.0757168320734351,1.57795171950578,0.0209194557990255,0.223909539480661,0.962826206943215,0.110153732442351,9.82334272254221,1.67627342075161,0.130095440023779
CT,4.00284717100812,1.36558987276495,0.247575952543257,0.217542370817931,0.671111224593426,0.0279357892537112,2.42177354204361,3.40755535534375,0.60018986191425,0.131364348737656,0.0431734425826535,0.659923476791469,0.114191220914594,0.183437590402708,0.489265280973246,0.0785328130372479,0.980228097017013,0.127137807179161,0.058099021906795,0.183846276665262,0.0280802567243826,0.160707864492918,0.699700121342038,0.0633238338126126,8.05967101995875,1.35650827725147,0.131054211080013
CT,2.92803589488981,1.04592053723067,0.236643684518564,0.229214419113956,0.598067592696039,0.0197544742038744,2.39322833138869,3.97030851172511,0.572055709463903,0.159392308771149,0.0250516422778188,0.774098999869057,0.085328326351328,0.2405535536044,0.510201161144864,0.102247123945761,0.946046290219039,0.156100014583145,0.0440936148333394,0.171815858411171,0.0795529117846007,0.167550920545612,0.722031487660031,0.0666432227140308,10.7197392411568,1.08765960047786,0.258774633265645
CT,5.90919440212142,1.83460898340564,0.146357658000867,0.162105661299868,0.441197281293649,0.020571832438282,4.18673239201691,2.37578258658708,0.248713154102687,0.331375762039883,0.0445627053130746,0.966304944163074,0.147249776910013,0.119448338085501,0.336983648795851,0.0787144031619596,0.900328516182681,0.0954027284448931,0.0423339147012958,0.364262109348746,0.114758343163772,0.13553191428193,0.759817073483462,0.122693708574673,8.15745259027543,2.10761564227219,0.16437947363975
CT,4.70354446492923,1.57594982675406,0.250526557524465,0.284241542411675,0.647420554772266,0.0303753095832176,5.11122458798881,3.74959503845822,0.531904963770025,0.566517057773233,0.0420190636308215,0.664120708642779,0.0822559234824031,0.24818988416547,0.562124077634022,0.0914115445654108,1.0357544052253,0.206430826478354,0.0563285513605451,0.224355290467013,0.0230313167058955,0.201444363188753,0.763754794987664,0.204168277203904,7.27394832204212,2.34768827457419,0.222781651175827
CT,4.80926746805972,1.73853878870913,0.24074095775747,0.249110931515527,0.687980686450337,0.0202869549695195,5.49910371163007,7.58703981239044,0.52334997469112,0.53994958891535,0.0404488250871004,0.815291488971722,0.274664915768775,0.175807620669302,0.418211561407634,0.0969470375279667,0.901600753939833,0.0953734642576012,0.0682403999268872,0.213258548641437,0.0391407274682059,0.236288125799112,1.00217468082015,0.191197847874092,9.07156437217293,2.08342765888804,0.118388783202465
CT,3.19831324625137,1.24380720837495,0.268811673200374,0.264051115334071,0.744589150926308,0.0244163620737735,3.96526368717015,4.04536055829201,0.458862668403408,0.290848861025305,0.0435026168861882,0.687761260466636,0.150954478028791,0.250078101891228,0.554155103142406,0.0592905639848716,1.00625595746183,0.126932915268126,0.0712444646408721,0.235767022195044,0.0273903353168562,0.142284216277587,1.12760190857007,0.104855091055292,8.35813280727311,1.2805825070037,0.163903632954537
CT,5.15373825842178,1.44632547744167,0.167347778615177,0.127549702636049,0.542314101997868,0.0241938043219098,2.33133836319543,3.70554584913026,0.489768716187012,0.132168293653168,0.0428111519724289,0.663600763289784,0.113983229120005,0.163608838832413,0.46065519423936,0.0715257671185572,0.877496835058264,0.126215403319936,0.0566669939819005,0.198601389624356,0.0701944126232359,0.133994797352357,0.70027168416083,0.0520772645290622,7.29520966237145,1.42864807392494,0.163357747439345
CT,4.29627360373946,1.67691819517886,0.205322654516365,0.206344963003667,0.629227649459641,0.0210822640403415,4.47695935567977,1.84597899469289,0.406111473216929,0.403448637483951,0.0887582777330834,0.696408008400146,0.0701129982252422,0.096767106225713,0.515290421674831,0.0988686997514941,0.978078894937967,0.104504639935996,0.0531001936047354,0.39369945792094,0.031315163956752,0.169840294210959,0.608848129443835,0.149289986410705,7.96167843647656,1.80996512788188,0.274170722063967
CT,3.22365392410664,1.000607330219,0.175341899867753,0.195969317082981,0.464735509831521,0.0203159848238094,0.682372840800807,2.7606145756725,0.708273025259754,0.0385573134038912,0.0427344596567257,0.71582585389902,0.0767907078568815,0.179682632572759,0.655954267080463,0.0684301425566977,0.938266611509107,0.174028893616159,0.0507555652814222,0.197288720834603,0.0269580878481792,0.111332088919948,0.650180125786225,0.0154611010126334,7.33007362569414,0.774292374853725,0.212394919888737
CT,3.1601619110649,1.12668964773462,0.19873487521526,0.187366012543314,0.5727869025169,0.0240921656270503,2.27493999908949,1.67244093167079,0.531041250322871,0.115572595958424,0.0359179937300041,0.784657706956198,0.070188528080654,0.0881269267157828,0.508604870853553,0.0683967224643991,0.838259142619736,0.0992162264833091,0.0506844702726496,0.226712620115555,0.131309822611988,0.13135014811656,0.46247271652889,0.0584071494005765,7.57727976567885,1.11223826738958,0.189898673785916
CT,4.83694821314137,1.80725074519826,0.187683257305599,0.177057727238132,0.573625626618057,0.0290161051242915,4.11296324850329,1.58037030990261,0.443933182982289,0.301693192315005,0.0507757607323318,0.747536707443524,0.0784338314953839,0.0842110416287126,0.487442106843946,0.106831549502474,0.954898766174041,0.0916739852679013,0.0491842641036298,0.246422886694743,0.0692121904940824,0.1583381478451,0.95522074469018,0.0955950207848066,8.13910237342393,1.76612266223878,0.202478951251143
CT,5.95790151834341,2.05551073525768,0.232718181135066,0.164531893735795,0.652108154643313,0.0269834908568487,4.17727810996307,3.78943894232088,0.561814939062325,0.264618326401613,0.0298974677059301,0.729358053364724,0.0723262112954069,0.144810901682052,0.515981074324436,0.0747392204058531,0.992786754620333,0.109460068746899,0.0341919700212147,0.51560239835603,0.050720651271739,0.142527573600905,0.592110841058689,0.0858048895796024,9.05687861964378,1.96356774118296,0.170007820988995
CT,2.84280635944965,1.09734577981383,0.165931162682786,0.134788266647292,0.463969206988022,0.0269633822889065,1.37493040002126,2.86215843046504,0.482398865914594,0.0371179128820943,0.0215963992780968,0.607563045869718,0.102252616688776,0.0857406834368769,0.466036853824237,0.110425442692094,0.919725732919634,0.103393430921857,0.0554300560389151,0.209396297633706,0.0499960417945361,0.0846882168505923,0.609801161263763,0.0285551085798688,7.33175109496339,0.881396201670193,0.111252921352386
CT,4.70004245395908,1.39253544826846,0.204419745793462,0.159048493350712,0.492947134718879,0.0295492296352689,1.19604212052863,2.74855984665233,0.552249491846917,0.0239381079473818,0.0337923248881437,0.621728171719696,0.187525003108901,0.103950518798366,0.474566579737702,0.0762292453741646,0.985269985920989,0.141281607174364,0.0709073959274705,0.238556533401687,0.0761987346804453,0.126780593556842,0.683109188095503,0.0187822170760263,7.47964428445708,1.20369004387047,0.134317223679705
CT,3.62562916220607,1.34251263816471,0.16155422727528,0.139708863112056,0.501871663412053,0.0238439498083276,2.68048116909463,2.98843335989905,0.470558781874052,0.15354689403833,0.0284494183464364,0.607602637140551,0.138466606809188,0.108302363127264,0.519624835369357,0.0853585800487117,0.969310229790047,0.117354700339534,0.0471241284933493,0.169319842109598,0.0491573037747554,0.124876290674617,0.508311168168545,0.0685582142387036,7.42882822938175,1.25742299016866,0.116749587130407
CT,3.62424822989989,1.29389180153591,0.193582388080426,0.155777955515877,0.519772441715349,0.0197535960208921,2.04416830232551,5.32450556404833,0.512620241196571,0.0946159762796406,0.0373670357883794,0.624938336076636,0.106518871227902,0.169574385584941,0.541395812269362,0.06623803318282,1.000343344458,0.171984300790178,0.0697942621045587,1.10775249659945,0.090354665582445,0.147313910378814,0.648221471175646,0.0553786749164925,8.33809647073489,1.17145765033541,0.232489594610572
CT,3.2371113080406,1.19596003892957,0.260569084572131,0.231639436627806,0.714038351624207,0.0217983819888208,1.55255070922909,2.82322661898938,0.549629171288165,0.0431362098252172,0.0702830032746361,0.661969818075697,0.0827966692491037,0.0976350556535851,0.533584771847188,0.0814037314459495,0.994088536903957,0.0644977909177056,0.0625493646439564,0.360700459851163,0.0582213286209913,0.184491469896357,0.677042376307768,0.0289828247820555,8.84771888181349,1.01527742720944,0.224005576695007
CT,4.92390238098012,1.48932030320631,0.179790874709833,0.12908772898666,0.472819625437219,0.019308407023162,1.13119211472655,2.91460855294637,0.392995148835801,0.0211797119352677,0.085657092137551,0.717923153059596,0.0663844714577838,0.160883526484009,0.619762489858471,0.0905146105571826,1.0615032542742,0.148685154330569,0.0616366826858501,2.37620431284371,0.103576193785423,0.145010105743715,0.460426839079804,0.0184084777000895,7.70577276547145,1.23425608286721,0.270874967730343
CT,2.62060127410068,1.14240483031071,0.236657081422673,0.208046372519985,0.664275722472447,0.0314892093629168,1.85381854328132,3.13970480472802,0.545548190188447,0.0673470005076422,0.11403844069964,0.675206952841365,0.0948375273101516,0.152811057855817,0.494083246716904,0.10818487284346,1.09536184484041,0.118008637663667,0.0485718674895187,4.54737962205732,0.0667149207466799,0.160606039691946,0.805561539171783,0.0453355361829849,9.95993920032321,0.88971699032378,0.300732888104525
CT,4.67484703075179,1.59896380457327,0.249893222503493,0.222979647060714,0.660085221901611,0.0243591079338037,2.16917404657629,2.90973610177224,0.521392915082076,0.073702977307559,0.0674825480190306,0.59178195814937,0.0812321823505865,0.188900582262571,0.642140153624395,0.0947766579790989,1.04027549320013,0.205287813588076,0.0904583574053678,0.157582012349232,0.0243124907752256,0.16284372702252,0.71685121363583,0.0220565978740685,9.02458130240874,1.25031465728879,0.223441018107861
CT,1.80970091405234,0.699141075562867,0.235889162586499,0.181938044279825,0.46030047832032,0.0218924882968618,0.600881187286625,2.37245068987356,0.365033736568037,0.0265364380329027,0.064469767922423,0.523299366785111,0.110050203010292,0.140001444814927,0.539662913714299,0.0838934403457173,0.906066231505221,0.169448927737661,0.0871004077776743,0.214128935235118,0.0174647552148763,0.123036054691073,1.20340161847602,0.0152618888566695,7.97023534957225,0.49704329359022,0.244500374422618
CT,3.96562326684961,1.37624096160836,0.218618641085819,0.129891396747899,0.560033507645321,0.011279051970048,2.69957004382954,2.68827452817669,0.512248172796397,0.189072997764478,0.0508791732068203,0.647995330712295,0.0803404192270895,0.200208468982374,0.626403605806331,0.083718840103791,1.16626663532979,0.142255984869891,0.0663505481912991,0.133394961156172,0.0492291093528004,0.157420448356237,0.57794457726369,0.0791391289172268,7.91950347560275,1.47209513697963,0.276754273865269
CT,4.41568692063353,1.47903507558825,0.267024268508253,0.220507241080979,0.74990143540539,0.0245159634576458,2.01795926116718,2.87565291907016,0.589858017559587,0.0578064278715119,0.0436026039641904,0.721864605709542,0.097607743530324,0.175227761934634,0.51681231055964,0.0743795232603742,1.06907790129158,0.131108552675504,0.0412288251400044,0.730206342954502,0.113979245736529,0.109613837300176,0.633592549829162,0.0341509228909031,9.03626410360192,1.39302302719253,0.252373226845109
CT,4.02132881258878,1.40010886853433,0.200000346218134,0.172861655771832,0.550291355377084,0.0263027237885324,1.67393705962912,5.25564128539885,0.67882615538495,0.0426515677558276,0.0392834242372796,0.81151208079393,0.123063932665074,0.263539776442128,0.518743225680295,0.0796507050270878,1.07653794902865,0.129297157444734,0.0695967824694794,0.207387749089916,0.0493534563394979,0.149900327706077,0.747760869802868,0.0290092437031418,8.97936959481107,1.14619586017055,0.193759709720834
CT,6.40669547852478,2.02174271713137,0.203827989238526,0.150413286183374,0.665383333622791,0.0271611260708773,3.56216100151689,4.74519620755885,0.701356718808919,0.219877051892555,0.0532263663019967,0.803621822575361,0.11140960231894,0.25669386744837,0.568841338913789,0.0906398599622116,1.09353263681635,0.12764561859849,0.0705993720971809,1.15268790898611,0.0975724375854764,0.13960105197593,0.770964106864199,0.0820694866326201,9.82548841426242,1.97870500830371,0.191822848007937
CT,4.62850254799521,1.57817348353757,0.267476369673575,0.231030340618389,0.668161973069958,0.0232805830338412,2.43819335333651,2.73563669768932,0.530321070614162,0.0951899470136155,0.0525597278795835,0.81253463627278,0.0935311949332262,0.134616655517494,0.61061268624985,0.092047629800839,0.993523775635312,0.186754846935867,0.0599368091606791,0.239781123704562,0.0681678537837146,0.174222828247971,0.841259114173162,0.0394792061661732,9.38810237324841,1.35513751761375,0.23095125672124
CT,4.00845853234732,1.29184972349119,0.187985094096076,0.153808873123911,0.541221083032192,0.0238619733123136,1.98835557978334,2.52497075384932,0.655852186963533,0.099497108883274,0.0621986191750825,0.716986264520863,0.0836608298299555,0.167952073203712,0.620786540272383,0.104757551872666,1.05042707495691,0.129261612986516,0.12972098667665,0.341574156620416,0.0638766778881987,0.108696155643822,0.60561423666006,0.0555896715692217,9.22774975264289,1.28032311294525,0.277693595135096
CT,7.85581770503957,2.02032903185226,0.290782452201776,0.205720003605238,0.624898434219762,0.0278472104528893,2.00102600062438,3.78347295588647,0.749760413060654,0.0958794521074957,0.0429183543863404,0.830891791723765,0.173267278531479,0.221506221273176,0.533618033305029,0.0669021569105962,1.14674181321112,0.168258043516987,0.0621663777852355,0.311496786207489,0.104032332590589,0.145792440094054,1.2664051126142,0.0550426814256682,9.72586533759587,2.20456573373818,0.243936086928915
CT,3.20024414998804,1.15523817795152,0.241248585295246,0.241502634351669,0.602911192580324,0.0280033575769048,2.00638845057261,4.3852456030147,0.79868246748901,0.0566654823707612,0.0382736472064567,0.754939629010787,0.10590904126473,0.204302779346557,0.618508162854834,0.0915558190120986,0.986538570154482,0.190659105455717,0.0670705556187462,0.148577554260597,0.0334686745312763,0.137604929236561,0.863063730569758,0.0371299529203737,8.05257916701991,0.974092714709494,0.246834594416476
CT,5.13011824856894,1.69594499026762,0.208162454394069,0.153856028213322,0.597242811033029,0.0243976318505522,3.63350022787594,3.64309734490936,0.448503880541953,0.243366159467431,0.0417057739588074,0.686788439629902,0.163189846492739,0.193859913631458,0.571678921181984,0.119108334807101,1.03418542293569,0.172847909764393,0.0761848492432168,0.226579023204139,0.18299207589879,0.116020788696893,1.78599670289416,0.0926084695015835,8.4775619616396,1.73146987954281,0.247565715434098
CT,5.07862721480581,1.76204476727357,0.219773345564111,0.251233469558146,0.626853924406252,0.0175715699753936,6.38065563464198,3.51199088432069,0.638383718036449,0.626390833371305,0.0532776119033436,0.806859988121376,0.0776372227618602,0.165630262423832,0.520221946172436,0.0876069345951742,0.995729118393259,0.125672553627656,0.0528533272435829,0.230412793986061,0.0843138877249772,0.131684856894514,0.571164496368302,0.207435357561078,11.4113989088701,2.3538177748025,0.233667071863826
CT,4.25855659926102,1.26769292345329,0.216552931293881,0.196033910164067,0.640763806169375,0.0301226679266745,0.892115450274474,2.42082447660509,0.612672218193864,0.0373413492950028,0.053061182632242,0.688188419982476,0.0703928165014057,0.157832097822155,0.53526645715177,0.100914607202404,0.959595493773642,0.0852466083439841,0.104340374178044,0.215543551615549,0.110711366794096,0.130343480409185,0.708567067600415,0.0186741629568683,10.1222158395252,1.10835526882974,0.268394543427261
CT,4.1643950012399,1.4712721115145,0.248385583749775,0.230508650333672,0.612324853946946,0.0263358610520066,3.1626726210827,3.91828343927731,0.76085109913698,0.224090657101043,0.0281548363849008,0.67517424887562,0.20757101800233,0.223644884191743,0.380295246099955,0.0826911839524653,0.837982083646902,0.191641698497638,0.087732473363859,0.287463108913415,0.0171251449898463,0.138548720097862,0.803273522576233,0.0870598900332132,12.5881834877114,1.40975510336274,0.173984261260325
CT,3.05877988173561,1.07059553074654,0.22056575686512,0.182361728084758,0.557821204679764,0.0282105332119948,1.39186588666347,2.54697674359586,0.566119219978843,0.0448776925292564,0.0564796291329596,0.576092129298991,0.139212058944954,0.110489918143019,0.440221257775197,0.106059742463106,0.960099522409915,0.0858342300185561,0.0577881761181139,0.318571314731314,0.0292108858741964,0.156919696965842,0.885897516664564,0.0295687747833008,7.43016832696742,0.94571972560348,0.1821918763352
CT,5.65949540493092,1.85021094680814,0.220063788400387,0.226727424401647,0.577476902913726,0.0177803865244957,4.95421547691655,1.714024421095,0.47275200505924,0.403447640706589,0.0457731467759502,0.671897827143194,0.0800305893103089,0.123264861861504,0.52906817547127,0.0948925936074633,1.03358349257333,0.129551382612473,0.0485972712945379,0.466167872185256,0.0645895421892628,0.197647131403519,0.753266939787346,0.141904680367595,7.57174271311077,1.92215072488031,0.225823758625627
CT,4.61335005297158,1.5677128582579,0.211804069539045,0.151297378165857,0.613791090730163,0.0172507065084772,2.67866248686102,2.72507982924599,0.604969162146115,0.162768672090819,0.0589099531592776,0.659665091579833,0.101514118514656,0.132261586433095,0.598290874825812,0.129615738255027,1.12418168919193,0.204521628375919,0.0924368947178388,0.71704859709176,0.0312102056996149,0.135494622765797,0.909664260015216,0.0703098045351929,9.10250707108945,1.53101528326076,0.301380296648481
CT,6.25870150894555,2.12392892000227,0.148619323144617,0.379298267177761,0.561163206389317,0.0267312812549511,7.92633850509486,5.67297736031426,0.441127072364888,0.918422184191903,0.050581210425676,0.91909896598631,0.0882327224170911,0.259827628187004,0.460646057059281,0.11205971350552,0.991013306382013,0.118479254466945,0.0437201694871742,0.244521399809228,0.185305665457961,0.232818246326133,0.737357146225589,0.319421649128663,9.29667081383541,3.22220202286902,0.257490082028829
CT,4.07486973540549,1.51592469387825,0.307596400571366,0.245560593586571,0.826305421300524,0.0307929109204211,5.84172976073908,3.64604978545049,0.577532034825337,0.48487989490593,0.0752658032650987,0.668572191444375,0.152285564005752,0.131877128548365,0.560521103236081,0.0938056336118565,1.18321717379635,0.107979461882379,0.0416964032681626,0.260977660108082,0.112067275104495,0.0914934985432186,0.666564277511121,0.17566442527178,10.7741471548424,1.81445881387581,0.369920253781666
CT,4.09662802086529,1.51227301707304,0.241693466601468,0.198902501832764,0.672750536444042,0.0318279501900734,2.6254098131319,4.32618459931344,0.526195044088427,0.120468006216096,0.0522543238609955,0.751913271316659,0.213278836803621,0.197363371452158,0.580283612151933,0.092107841773534,1.1920913629609,0.179444590148081,0.0839756113101028,0.250798499381977,0.0208619790952611,0.164011021696877,1.77962192424762,0.0523635961288879,10.7858626383134,1.24998313787258,0.208361667528752
CT,5.81447909176638,1.59860364767333,0.267257214079587,0.198474437334455,0.684069723479369,0.0152497787199549,1.39423079575238,2.34852218738912,0.612185894050903,0.0275710362096957,0.0608418789523022,0.620964383748641,0.0851663394706522,0.140547327441762,0.623026943695768,0.122770762670535,1.18375615091543,0.137967926165284,0.0646020431846592,0.336611845722859,0.0982575782696435,0.136491139781525,0.799900181817599,0.0161905945218555,7.67249329541509,1.45436656967111,0.3110899339835
TT,4.80872945020007,1.14921970638186,0.366006089576965,0.383155035857432,1.04777741338521,0.0286890541158819,3.12254997505107,4.98722682811782,0.548760773284593,0.234098995369669,0.0182748909493326,0.709104206827327,0.113059682767568,0.10763966537831,0.498280840782318,0.0764226684426438,1.06103888460582,0.201731106823202,0.0642907606237088,0.332688947716775,0.0404422519084141,0.124703460537741,1.12191261317635,0.0772092155146951,9.60636601685541,1.44075685967995,0.0147063211053448
TT,7.36856958798525,1.55161882153149,0.180943441689334,0.165820455249367,0.500681872405314,0.0254108752255148,1.16153902383646,1.77622296671544,0.430258099970601,0.0521862575793468,0.0355274164529173,0.661426362385815,0.0972357283157459,0.0718686506906351,0.544845372487015,0.0902460015919419,1.04997959664473,0.0919077571777984,0.0723806663234834,0.397859575572637,0.0562953379330473,0.105123308042203,0.517565771119064,0.025290478504968,8.78192552078904,1.38309735762634,0.0169720641361402
TT,3.21590683027835,1.06263333993008,0.261951420812059,0.215701730719157,0.666043863974947,0.031574456052734,2.64772577913542,2.93193664978556,0.424823296640062,0.200087171333998,0.0196882491018416,0.523990712875685,0.0816493277984089,0.0517295276390326,0.45809293495447,0.0872170873559203,0.879326618057392,0.136931626651292,0.0857697725061248,0.168324655251098,0.0294498389611382,0.178495832173438,0.576708884890682,0.0764284012508361,7.54748350881025,1.07290320134138,0.0530457028777234
TT,5.40886445861659,1.48805839946585,0.276188065121804,0.265997390293987,0.686512034197268,0.0232593079162934,4.25079814746425,8.80231646682681,0.805994536237424,0.374476241477417,0.0140137449377869,0.723974307413893,0.105568513530633,0.257376365402456,0.507256468989298,0.0754298519890024,1.25449406010802,0.241863479318014,0.0796562851465655,0.492100667545389,0.0439125127757426,0.15869753647218,0.786122640678185,0.121331908189259,5.46960084178785,1.87775093328168,0.0544455137047976
TT,3.7286808876518,0.869350233328788,0.202722272772641,0.130794323054788,0.563991477241836,0.0352471145338106,0.609404753363797,5.56945569723058,0.444026960430726,0.0320081015461567,0.0189300072732157,0.652666148101686,0.0981782582655277,0.171308138611943,0.399119462743814,0.0574192387627435,0.772567522723171,0.102574169234524,0.067812849270146,0.756386947674826,0.0236970378634828,0.0904680130474292,0.439541339305574,0.021200072708375,6.30378997327316,0.776439905302347,0.0425924841884458
TT,3.78038088132248,1.1182107729802,0.160334799591705,0.136537944908291,0.410487718387422,0.0179726093804712,1.10397739338916,4.27257227466658,0.625065229869996,0.0400987190740983,0.0207940681321366,0.610773344372139,0.0905518165977822,0.132394160704316,0.540510774644755,0.119846321832699,1.21916727419835,0.133154404663095,0.0605046652280043,0.559267394747934,0.0750651122761967,0.113642497799609,0.508053251694105,0.0189158034261541,6.935921245402,0.909195042589115,0.0520698722331899
TT,6.17495914341233,1.32322684481635,0.14620335786961,0.192528845144348,0.479911729285419,0.0270902176861655,1.1926020711512,1.95698899830861,0.30220481930157,0.033321063954141,0.0172717754104648,0.537934853390335,0.074665113012137,0.048948343916981,0.508509912233912,0.0832649501064896,0.848699486516112,0.0976773303497557,0.0276127297645208,0.365982877610965,0.0838250725821141,0.0921807851986516,0.571097093848103,0.0134395541350294,7.9173035181632,1.16287183847615,0.0133260401541406
TT,3.49458120639197,0.739242799111686,0.191466267088017,0.139486443086962,0.556818857667941,0.0274431170802113,2.22479108282874,1.83302339939767,0.351623665406139,0.15380068687558,0.0324975862326074,0.499168538487187,0.138704458377306,0.0130154556353173,0.468360236827459,0.0670140697512238,0.884476739846771,0.0759406613778106,0.0767370321865479,0.168233681884223,0.0772583614280547,0.118200164657504,1.26057799960488,0.0635671629743005,7.43337414038447,0.939354032380796,0.0444915248894897
TT,3.49448515792583,0.636424874048869,0.202692839060973,0.171457843673909,0.603561891179729,0.0336287342202454,2.51716825545035,2.2769711805051,0.426190134874027,0.179882742282118,0.0154377964707601,0.591036201870848,0.103438422585216,0.0450828777815249,0.550678901622172,0.0654815870267824,0.822422246198133,0.102102041091156,0.0595593253658695,0.222717099168615,0.074686973481802,0.116062579617856,0.808501038285273,0.0660809516954129,7.62913751415672,0.90031050028109,0.0107904068975952
TT,5.62272226705926,1.48328078368154,0.126870466721347,0.101005887407954,0.381835938943917,0.0198557327125823,2.56191007373536,3.15228226620138,0.360015902571062,0.159563299903792,0.0242084643204752,0.707315091565899,0.0852767691132565,0.0709272665795164,0.450476374026684,0.0839984565945928,1.09340200742051,0.11703199114505,0.0468138904887404,0.198368293856396,0.102035417867999,0.114906549862658,0.579014648738184,0.0658748819688542,6.48472850771207,1.64908670269275,0.0654590434715087
TT,2.36178618239214,0.827326363238326,0.158532647255893,0.12749091653671,0.398202385311096,0.0230502953393246,0.928779278599589,3.01483949164952,0.324342831389429,0.0242200416303613,0.0263783959282233,0.604141742051027,0.0491513508608557,0.0736594411659828,0.424097588877204,0.0695992449118582,0.83272157095957,0.0691040751359152,0.0670605788905277,0.203688975187825,0.0481682308980227,0.103781139828458,0.459541466299108,0.0244782086383604,5.87058730825151,0.741509331151761,0.0508891398030242
TT,4.06141477131946,1.03134784847407,0.176212815619372,0.15289634001163,0.52808541472014,0.0300967519403526,1.69585895772576,4.06967708241623,0.601255063221197,0.0933947843554614,0.0235792214674937,0.747486162631181,0.087733644985514,0.152655224575918,0.5223425320363,0.0872394273363483,1.01548333881511,0.147250695392531,0.0608137795976589,0.390898430929336,0.0460350794550654,0.111199489641415,0.484646887616579,0.0564628701732811,8.33784522410739,1.12708014501858,0.243486382794313
TT,3.95400243784211,1.18697079840321,0.233160682862211,0.200266602867763,0.606284941033422,0.0265796987455463,0.950511619572521,2.44178207777084,0.378165168069589,0.039173972747067,0.0218051586159792,0.663767827095874,0.0538094499348692,0.100616794970343,0.49189071975657,0.120725169938722,1.22261741982407,0.108200239383165,0.0469281045632623,0.267532164545386,0.0500202313987138,0.128980344378492,2.05146636523085,0.0166654319963887,7.10912273612526,0.932969238023452,0.0584223710067272
TT,4.45053008063661,1.42194237911207,0.155094963888597,0.147861752415654,0.403159444691894,0.0132580878217816,3.24602628856536,3.00115387760371,0.531535456231388,0.218482899765669,0.0238946637053594,0.608095843253568,0.0457994753564779,0.126198848895461,0.434677886159228,0.0551212200596765,0.91377503806005,0.0737254335714013,0.0412328524970429,0.232635661771087,0.0443914331586502,0.112206901027031,0.521807941486177,0.0849126362430299,6.45291876161653,1.446337714505,0.184433040134448
TT,4.11299454719863,0.888717864833131,0.13998988252359,0.0857653246208833,0.459233572616725,0.026768497365412,0.833094067024397,2.46165518929651,0.38314855236937,0.0259551555299616,0.0163053643852468,0.556734209825207,0.0768692292410984,0.0680335782021214,0.309750442825274,0.0765299784481527,0.821482580458421,0.0814453925569454,0.0531559226175802,0.25402598295722,0.0230156687881783,0.114119627121727,0.34980324282427,0.0135437151920183,6.74944200747897,0.822935561067227,0.0566900396938623
TT,3.18125991937884,0.898370814326453,0.18822969416117,0.155660414044414,0.57296997366316,0.0336068429757981,2.17081757476641,2.51395569320355,0.456369842889561,0.156644161953513,0.0248679911102611,0.548117741394032,0.0904679922164971,0.0665458269891654,0.456354893030698,0.0739827700378457,0.927445757636429,0.129818041863758,0.0533548738117244,0.136506298395272,0.0332109642289541,0.182542177390039,0.609841209842006,0.0564715725538397,6.9555130506248,0.943366062438389,0.0468668848167034
TT,4.90220580030903,0.997791082137819,0.154051142423283,0.116463349779414,0.505342365400751,0.0299903114514941,0.991678991121943,3.37133192639445,0.377250024460969,0.0265523559505956,0.0290507638330042,0.577732717282339,0.0614826477568697,0.0904408734158001,0.421650153472331,0.0670138068238485,0.894379380679808,0.0860865568517616,0.068093445261883,0.437382965892432,0.0644553445802092,0.109040608241148,0.40485514091697,0.0191358184852886,6.70735766290613,0.927074949500291,0.0548502855056786
TT,3.25514054764687,0.935944666562764,0.163929233320897,0.143091797394359,0.415705182323265,0.0182794368064252,1.0236026323498,1.80316862848717,0.306810836844972,0.0148259416369618,0.016787673701279,0.633780615845636,0.0661200552422985,0.0453762291781002,0.481682280512064,0.0738230924945115,0.954441660025587,0.086526736417465,0.042068750859115,0.187239808764889,0.10842903372265,0.109075455791918,0.6528738146495,0.0199621912172345,6.72858211780191,0.776439574669556,0.0461498855065292
TT,2.92552600887252,0.633108335394388,0.155007211585474,0.119916662713665,0.397871525597121,0.0313004824337739,0.495451730674196,3.40139465595373,0.571592181382642,0.0251338605507025,0.0279136301345405,0.498911046894611,0.104976856912541,0.153680818388613,0.590577814377266,0.0620429574648139,0.906191348542267,0.14937442649341,0.0613731846350858,0.451892943456319,0.0543720538424464,0.144905817044176,0.740453152358826,0.012731498177596,6.75301626105002,0.533507028735443,0.326567821683542
TT,3.90835662308167,1.01977687355574,0.154577079308999,0.150453428766706,0.527976705449446,0.0259489130016541,1.93578380597592,4.47922584358294,0.555519131959814,0.100547371161577,0.00788696163373022,0.668074370673299,0.119407412771544,0.0875879183847645,0.441424456012819,0.064962727038405,0.93616110107788,0.12889782827628,0.0663606073529439,0.122473182289245,0.0494496926331288,0.130813100559168,0.857503232971279,0.0364432923523236,6.46027653407183,0.940305902626795,0.0522239199404115
TT,4.29733230063015,0.948091835296188,0.148135038038342,0.146924422699245,0.468667299412062,0.0219914193507581,1.34113001156975,3.26202352210728,0.416141312554356,0.0680628460465595,0.0430711209991724,0.551632561568101,0.119804908824355,0.157064159753921,0.515233553838559,0.0850434001287329,0.867697287655014,0.162624120590157,0.0767001398050537,0.28784589759304,0.0362999910266621,0.131255458514077,1.03442604058845,0.0376721586222316,7.05232367354556,0.978461914041293,0.314921103877221
TT,2.87812554553307,0.787571765891675,0.185179887013584,0.141391371541713,0.457317649823327,0.0252241147645551,0.8339947927001,4.08141442226207,0.265851005091324,0.0287977501674926,0.0357769997602542,0.553374754777244,0.0802066786025158,0.039225565095716,0.411877620196898,0.0651691091613215,1.00562811021521,0.0780328424582173,0.068137574407771,0.976441104551437,0.0359779208765339,0.108709809354167,0.276173817748121,0.0150551254770011,5.28397893385144,0.627753425752975,0.121956767716313
TT,4.71674829404748,1.06753759848319,0.230786664674394,0.143490188854324,0.672662026354179,0.037390199644738,1.87583852639306,3.55775629289737,0.524191797740711,0.103210464556351,0.015141015128208,0.531474444869995,0.103895656592951,0.0840304680379432,0.494104580594916,0.0709912507339627,0.864824825944302,0.105086129169134,0.057569712653357,0.429730717806251,0.0332397762186401,0.13042174937082,0.577613689865238,0.0284229558150443,7.31373659983865,1.10183907825621,0.0547692762262688
TT,2.90277133141483,0.915218838629603,0.178459977324849,0.154642311843316,0.586399953603822,0.0375092425820745,2.68156968431343,3.62945116005542,0.387980304556787,0.227138957465383,0.0269822465018793,0.633069167379588,0.0849285399509564,0.189352492457433,0.376324746509224,0.0776789172538611,0.854097649078648,0.0884338591361416,0.0629659801142179,0.334925361002805,0.0338872646174985,0.15818305778485,0.425319852858727,0.0798990214304395,7.93814515752584,1.03176460920603,0.275556869321615
TT,4.74855457777762,0.949416052772302,0.0983160156221414,0.056217970365064,0.333031345573164,0.0233631783911106,0.851779397217884,1.94179599193756,0.331916422582758,0.0322175133440768,0.0132886632663539,0.469411586307427,0.0708364645136521,0.0691534340355666,0.501521144235435,0.0687121398908257,0.881907901757638,0.069227338152678,0.0388191121441345,0.379289280043051,0.0634333475394342,0.0947530961272328,0.297684455695081,0.0169228379128644,6.35599480339398,0.866231535157587,0.0491611129330445
TT,3.08747301126797,0.648876538303622,0.181276118813,0.172544794063289,0.525078893576119,0.0284008654722366,1.09475925495421,4.23995784372842,0.527178545801118,0.0969622797116269,0.0259207812467756,0.465350228887388,0.0868880919949819,0.0852353479313819,0.52710670135447,0.0759380390167803,0.996068326690502,0.105427543235444,0.0597697871402857,0.376024082272011,0.0115204949013287,0.1532586506467,0.542028282937937,0.046604370100054,6.71950871243004,0.776661818859429,0.0513239136739361
TT,3.49869158254308,0.761507340479192,0.170228902348971,0.143154006815435,0.519952441511061,0.0314461451238274,0.739567053991395,2.08928587290992,0.650111731097591,0.0139816572341492,0.029686083088314,0.571017772216111,0.134670296222898,0.120318143313091,0.475784134829972,0.124488851881261,0.839821939467703,0.176793990232069,0.0590098400988408,0.298001737540231,0.0900442986525724,0.110812064320381,0.726106019996956,0.013544386137496,5.20104074113644,0.693014690722281,0.260825552040277
TT,4.05205208513596,0.868463726766483,0.113212171398589,0.0851006496305612,0.369758685727363,0.0214524639375296,0.686953453539532,2.96192723953183,0.560732170107291,0.0260532586896965,0.0207210806366262,0.558291870052277,0.109475566390024,0.0781749042105591,0.283536072968009,0.0887730691547031,0.816940188021222,0.0785270105803635,0.0502435648687864,0.32335750540681,0.0425243930757713,0.0854541275117177,0.530102283343702,0.0194566931606937,6.26185328869845,0.728300472678576,0.0818401294498891
TT,3.44172946730319,0.70801968593097,0.211445061971639,0.063947156167434,0.338002337678709,0.0152704707706835,1.17296697788926,2.51786062037777,0.265580778306515,0.109622302817519,0.0169128290120903,0.556891416487808,0.0766301332832991,0.0397624860244834,0.306015789723082,0.0801872508822793,0.814427587103314,0.0477561432061882,0.0656437881609055,0.290056355833426,0.082695714879746,0.0912422374970712,0.363695371039571,0.0371772611785114,6.67705461576212,0.825350919359669,0.0639023990088398
TT,3.08317030670947,0.733095601500568,0.133078569797339,0.12182812484092,0.416789134227272,0.0278518826709213,0.651296420828054,4.88577798319428,0.349810561916186,0.0311434466556275,0.0165729967427477,0.810987542974287,0.0786292290909109,0.0951487231165905,0.528787666321292,0.0757527351583884,0.811196859555058,0.061915456954289,0.0429987814350955,0.247844557723448,0.154281432749054,0.0988451623375786,0.194590741704714,0.0157808226337364,5.84866625988602,0.639629911316168,0.0483864255447299
TT,4.17148989133613,0.902538223266217,0.174826979722931,0.0837138956112254,0.502136837939593,0.0288280148862973,0.883067340506155,5.38285178868636,0.246546338825325,0.0293872142546114,0.0125006506486906,0.702097456699467,0.0942536760289899,0.107053813593837,0.280625437169281,0.0549977667615693,0.948109767391788,0.0481185863805047,0.0511694565408397,0.652134681197849,0.0451939802812478,0.0867360221088857,0.144910178108046,0.0197461422618142,4.34587890815014,0.902786378303125,0.0591859118424284
TT,5.40218736389842,1.09020969003659,0.135526121208032,0.106493637349606,0.399056374401708,0.0353304865139971,0.993235258927079,4.83887916941801,0.261484010064466,0.0337902701980645,0.0156378395728411,0.658305912191284,0.165976594873298,0.111293856111743,0.247001055992733,0.102078739703287,1.07802699594913,0.0432515133066354,0.0652719019780091,0.286084165208365,0.0530914192973552,0.104813599867908,0.173130642840131,0.0118102630809103,6.69281744159513,1.05376731980267,0.0524170631792288
TT,4.34647456634562,1.55296396974158,0.177229750197903,0.109503703111142,0.557125046180583,0.0232985602935819,3.68480934968132,3.53172186363119,0.510426696830298,0.297959883884883,0.0268222359780728,0.875891278217751,0.193811260395867,0.190391977237211,0.454746685451804,0.0922723504814413,0.977673955492887,0.156884567454447,0.0463695205486104,0.219785970753788,0.108501009169509,0.177701453697309,0.631562228563886,0.12436102034904,9.22826727705093,1.7389098890515,0.156756960958139
TT,3.36276572719167,1.20647779811015,0.171255384824312,0.164497214082951,0.478028906336203,0.0235063101163328,1.22025269163021,2.70483104146594,0.427854831637806,0.0299754368417145,0.0324257239635765,0.65687674641884,0.143577794309242,0.190060335311764,0.416954551817068,0.0745603607414903,0.978997721244976,0.145470234490368,0.066417355253445,0.196070720391346,0.0505577568185762,0.127715756232803,0.552554262835351,0.0160664398337971,7.03356293252748,0.900520522344912,0.167621136256923
TT,3.36605012429039,1.32261868643079,0.217305584969877,0.201385024744826,0.687572647700528,0.0309970083402224,2.56869238528682,3.39145635162152,0.51474763955582,0.131587703557413,0.056996609038457,0.644534022291544,0.074380277402519,0.247712142952864,0.528690970501092,0.10546735689984,1.12696106146721,0.151528300524839,0.0563644976065383,0.160311593418593,0.0389744114395526,0.166981032539517,0.615487851792054,0.0633889434427754,7.41988314579305,1.26443841477371,0.224106091657966
TT,5.62761052474471,1.74381770666346,0.167420669840086,0.162781480602248,0.500539950301909,0.0249809092313069,2.29399283215482,2.23859079778191,0.474074815620815,0.0873563563311059,0.030348275613863,0.782803473926537,0.143220363864833,0.153853680889327,0.518756555879504,0.094832598041452,1.12101224434966,0.181315218741485,0.0597913797472282,0.271313813101775,0.0986986802362833,0.11186611057033,0.472276946896517,0.0330799849387324,9.17339335477464,1.54620456481,0.149678570651101
TT,2.68487923393332,1.28891979517823,0.292202455844769,0.249946061307484,0.817004691047696,0.0256011370468038,2.67881154051034,3.96554467560533,0.662902770885443,0.142692038669494,0.0420524716186832,0.702439065142404,0.252394419207755,0.185174894351319,0.330556004267284,0.103890046608763,1.10455578656504,0.127945807703055,0.0628193565629224,0.188986507314131,0.088891448920566,0.212780636043817,0.689416885929307,0.0645129031493942,8.33236948650819,1.13833379665397,0.183004546790427
TT,5.03294272511312,1.5055018221228,0.228722764746,0.135022184773188,0.624232999494919,0.0252948975089326,2.51254584927481,3.42474903838034,0.54668638364722,0.169063793183725,0.0411742914177219,0.730441669676809,0.0798011034705528,0.12020421290374,0.516518050438283,0.078053375597521,1.04248959607964,0.0718616376508835,0.0385558287083764,0.329065333079285,0.0564643169373794,0.152286460365014,0.540192863321813,0.0767239243615077,8.39535714914797,1.70864938260096,0.158675052716012
TT,3.7731395274445,1.47910828540717,0.177730546167222,0.148683281216144,0.536702630168714,0.0212345707488626,4.06556271118281,2.41680928659496,0.578395683711253,0.343839242011804,0.043792887321279,0.713644756870276,0.0985466870715927,0.100464552215155,0.49732996502347,0.0848771230661078,1.00767132066918,0.13608291829304,0.0610211771372779,0.227754877750134,0.100605179510163,0.160176647972987,0.731802587483924,0.126808574385502,9.08146071846882,1.4996945023051,0.157975508989211
TT,6.9602983574652,2.76253983523027,0.263231432129186,0.415484647348819,0.809067090382361,0.0491453583080217,14.7140437848379,7.71278192838747,0.861388593855006,1.40048522620063,0.0330359011994105,0.868856105965255,0.211094688281629,0.190618188187433,0.398450517941884,0.0960092572635487,0.922472488206759,0.0834166096296981,0.0336939817185158,0.304969593933798,0.0457400452350667,0.175977408169929,0.826391056562784,0.560864804421192,5.37762721660199,3.83794430251698,0.134040059040897
TT,3.73467809578003,1.27716171078727,0.208477448500562,0.170030150645401,0.674396718721329,0.0379792799755422,2.09191813905428,1.94111012520083,0.421349483274682,0.105005040916938,0.0360163188264741,0.776714191552194,0.0834355583532239,0.0983303672680856,0.438914188578681,0.0775709896803285,0.914425422632772,0.0876593600615353,0.0587889141964376,0.252885074220609,0.0223420597240259,0.154663757720424,0.580653919066808,0.0511466678122833,8.17590659204987,1.23495346432659,0.162930100542986
TT,5.73681882586924,1.73094392024063,0.19104030955537,0.152215800026364,0.581629215772241,0.0399498166376792,4.13348041626613,6.82351168904259,0.525314168770879,0.300247807374319,0.0244641055369587,0.730691382592282,0.14665112175139,0.158197623988497,0.426135667338958,0.104304275046547,0.937100261340036,0.0921796892462572,0.0822989926894015,0.294166454013729,0.046410003436285,0.15312487227056,0.591256669851262,0.107911581217986,8.18537217408132,1.94474235146753,0.0927205062642584
TT,4.08790230964956,1.32994014702614,0.250133388264364,0.234487182481044,0.738598672853159,0.024870761922602,1.33076494854293,3.27622989529184,0.598991292612538,0.0428665338898291,0.0586074933929964,0.616483179679575,0.0949697366983675,0.180946160459991,0.645471389909658,0.0917293690868983,1.05981235742582,0.195743161853241,0.0560620121237416,0.630218364318864,0.0734746223280267,0.173516706313372,0.667450955845869,0.0294594508230153,10.3968951368862,1.0556761617376,0.262596411481972
TT,3.50027034434877,1.24882539995177,0.186984915504603,0.1849064264695,0.506634358734373,0.0273397490285643,3.76182063765415,2.27455910909198,0.427032525457144,0.325157124556118,0.0350447226270244,0.684834146832429,0.044864139103364,0.146625942386397,0.510367089698817,0.077254392672223,0.922194188931293,0.0921946343325179,0.0640728905185697,0.270453119726481,0.0392655743667781,0.130401493155212,0.484094766431387,0.120280753597997,7.51905629616838,1.49626723642725,0.247294816398006
TT,3.78783400589746,1.37404537052126,0.206222335760256,0.21694276977683,0.5804110736247,0.0220129398804163,3.94485428964044,4.35529309773606,0.438756973391682,0.405942636367683,0.0501766133308876,0.78886617460779,0.102955973973626,0.209256569276166,0.548707884919141,0.0861793760398515,0.940838046398713,0.120253483424494,0.0832368992251686,0.237917820629681,0.026417935612692,0.139731861703262,0.815855842129605,0.153268490400187,7.32054682990253,1.77492117670408,0.205465325156817
TT,4.33869458673129,1.43529965016407,0.207985810887751,0.17399738575454,0.568318252157074,0.0267313060928637,1.09425331556469,2.18784296668793,0.447258469199505,0.0466866609943791,0.0435181057893188,0.732584574950753,0.0890127015351301,0.155617396841612,0.548805660642341,0.105618351862801,1.10306339386512,0.137719743726267,0.0582575929544493,0.451142976336552,0.106240326255731,0.115952612708727,0.717182051045915,0.0148207873000606,9.36400067151284,1.16911567455905,0.287099212051114
TT,4.72548568696266,1.54574479208116,0.205110969179727,0.159957517136491,0.563914147891222,0.0226654467420398,2.35970894463826,4.36244307756034,0.609472331946054,0.10861352674523,0.0366567252933022,0.824103692229248,0.115644976569708,0.199714481001671,0.635338578636019,0.0856867248089411,1.02830039900732,0.182623300155986,0.0411646157081272,0.335695314690902,0.0797130031426143,0.10116782847267,0.667389614424595,0.0457562957760376,8.29888369447033,1.34868282239807,0.19434641390681
TT,3.45323515104629,1.18019898361248,0.216325666958088,0.170657197816888,0.588379620370534,0.0226950259677721,1.75635027967821,2.33151272786808,0.550683728769166,0.0917267687944394,0.0643671953032495,0.768174446785222,0.0620099265894461,0.142061882630209,0.524739641772332,0.100281638165381,0.989086768085902,0.101719349471933,0.0514651159800824,0.578809049387995,0.0491684393061747,0.114001689891499,0.559732998206745,0.0460715295323238,7.11442243639734,1.1019728872669,0.238689144574861
TT,4.52414705981352,1.38711859481797,0.206266141962662,0.158153066647198,0.557651070661969,0.0199789373093511,1.47022356364003,1.94781411115151,0.536322182484779,0.0467894616254078,0.0618625298823408,0.768291352291686,0.0757980102129412,0.140529004372436,0.62361457688656,0.116494824672582,1.0382260944371,0.157740590780167,0.05332932465596,0.337709259632971,0.0824408269818806,0.100365997514357,0.618896133012475,0.0396673631607827,8.62357915828998,1.33226679431462,0.217010443248014
TT,3.60753349445392,1.44300449694611,0.228732272781608,0.186678712225344,0.588348265346275,0.0240224029416421,3.2793075237148,2.69402127744577,0.489717309625694,0.254498468478379,0.0393112383964505,0.697693014903201,0.0853968949303719,0.176902999663272,0.514414886168228,0.0911413158609403,1.02039689122799,0.187665207812307,0.0502856652512002,0.228853707874146,0.0617936581082816,0.164500965368634,0.708680908747908,0.100004825722682,8.63712808423527,1.37100539042628,0.20557152767054
TT,3.94705737170757,1.29435408410776,0.272254229865272,0.189602904056242,0.741739087272995,0.0288710771956781,2.44701069324106,5.10858010504932,0.588735411011818,0.138100857435398,0.0675854634144,0.717157035864346,0.0843451244686953,0.224884953152548,0.546870612206268,0.074285450316142,1.0943520446891,0.168785590783423,0.0636712989423922,0.301534547145498,0.0334482561435001,0.159687781366561,0.654436881894266,0.0740511725078532,8.39357561972607,1.40859490732204,0.223216831526613
TT,4.94581691394897,1.61815847573644,0.206282212489321,0.188015845444145,0.570535697832162,0.0169115566923132,4.16381929302268,2.17191109067519,0.6554903109777,0.335241245355478,0.0594360999345377,0.658232660697232,0.0778853918073571,0.137431975629659,0.497896978076126,0.110871942241327,1.0244538416557,0.111425437086124,0.0697476078538705,0.260792890592616,0.109358188759756,0.145216095439014,0.73085257726979,0.122463682250643,8.91942560137833,1.80698736293532,0.237405242846167
TT,5.40443516414106,1.53469473845638,0.191825553960385,0.125368757964745,0.53171525187024,0.0204769277661753,2.20668097501717,3.72171363243879,0.558513372777911,0.129521798619489,0.040678956659391,0.644179159725953,0.0682625222946685,0.174849975828323,0.57668671231888,0.108082509350448,0.950528470849965,0.140625288780992,0.130494603950747,0.444927953560033,0.0326150159027308,0.153494179631057,0.47163638325301,0.0672809332962047,6.94712787954802,1.58649910594257,0.240399147176782
TT,5.1465404190043,1.54600250217589,0.308239189993992,0.29277358005268,0.806868770356679,0.0306316381532451,2.84438063755203,2.76304579376135,0.665978793127026,0.119921445934826,0.0711656988045499,0.758029915109028,0.106893534428333,0.148791521652751,0.534596424411335,0.101216792639121,1.13781586084809,0.130145757365776,0.0428036115125301,0.476988878451766,0.179947225501409,0.128979674697538,0.894110690023849,0.0486029469310745,9.92033171474768,1.54275299092014,0.284122599232139
TT,4.84104766045769,1.66972269774397,0.24274119204588,0.210526147365552,0.666524236230965,0.0154604029577122,4.42130256026834,2.08613027833815,0.525761670756869,0.352305445475954,0.0572914013818125,0.746555462346705,0.116224498385476,0.0946957422210605,0.512046686494701,0.110025662734604,0.982204340754632,0.125601974938708,0.0474673304541134,0.64217816350667,0.0351353160512117,0.220244001000406,0.794018229824444,0.128842406441339,9.603941698551,1.89907688634628,0.258494693547543
TT,1.51257486776358,0.751004358044557,0.162673146579607,0.173946614458186,0.440380920380818,0.0282114787819646,2.88367635136552,2.04158891264054,0.322106519394694,0.254155725314545,0.0558447942619048,0.943521080281392,0.100196422395135,0.13541576242181,0.66558259803121,0.115220242347435,0.669607574226783,0.0981739956120546,0.0637289199249082,0.405947403338677,0.0465842439508985,0.143304338468714,1.15584370260083,0.0927538767199907,9.5961701870133,0.976030043640818,0.212785321123674
TT,4.95071677622559,1.75980849412377,0.189562255858953,0.131237114045894,0.615835121755952,0.0257487871466133,2.52229751419331,2.63031304431225,0.515511163305666,0.112595734664765,0.0701767043970022,0.658338006262443,0.102334630986153,0.158480959541207,0.575488461406807,0.118856155032231,1.09620624782111,0.138829947869505,0.0457874635611133,0.235118131226471,0.0625579499343065,0.141484398424794,0.754162360473066,0.0493020803269964,9.25090620269743,1.4872194392565,0.276361981921842
TT,3.69965317053252,1.45219945563276,0.257620864412876,0.207377094217943,0.641274289610768,0.0246322732535681,4.61151291815258,3.17031049156123,0.490550435553889,0.492406302846121,0.0783077248724602,0.839655598725959,0.0929887627264413,0.128132800222557,0.627415759041966,0.0823982661620172,1.0601792703086,0.130120053977458,0.074074463312034,0.661724912335774,0.0401293375106817,0.217130238715893,0.924590028923867,0.183350498852219,10.5610056890668,1.9302481515571,0.281192363702327
TT,4.46142150740208,1.61027264974983,0.245536919455267,0.221241970937392,0.693538587704509,0.0253297605833666,4.29850912872073,3.59858580411754,0.889482378084674,0.3664919149115,0.0689553448496733,0.694259015640195,0.106789422522315,0.163658391590151,0.670805028401409,0.128949535745885,1.18500470216359,0.155380418826513,0.100183987053792,0.228041875258251,0.0349305506457225,0.220622392003958,0.821032194474437,0.130819545566481,10.0535787664151,1.76759333651786,0.248172473557504
